title,link,published,summary
Bitcoin phone home: Use crypto to buy sim cards in 140 countries with Bitrefill,https://cointelegraph.com/news/bitcoin-crypto-to-buy-sim-cards-in-140-countries-bitrefill,"Tue, 08 Aug 2023 13:55:00 +0100","<p style=""float: right; margin: 0 0 10px 15px; width: 240px;""><img src=""https://images.cointelegraph.com/cdn-cgi/image/format=auto,onerror=redirect,quality=90,width=840/https://s3.cointelegraph.com/uploads/2023-08/8b9a6607-1510-4a41-9a89-a87942a2ae09.jpg"" /></p><p>Bitcoin and crypto travelers can bid farewell to telco woes with Bitrefill’s eSims, now available in 140 countries.</p>"
Binance sold USDC for BTC and ETH after Silvergate Bank collapse: PoR report,https://cointelegraph.com/news/binance-sold-usdc-for-btc-eth-silvergate-collapse,"Tue, 08 Aug 2023 10:04:05 +0100","<p style=""float: right; margin: 0 0 10px 15px; width: 240px;""><img src=""https://images.cointelegraph.com/cdn-cgi/image/format=auto,onerror=redirect,quality=90,width=840/https://s3.cointelegraph.com/uploads/2023-08/493a4c89-edef-4438-9c65-f9715efaca22.jpg"" /></p><p>Binance’s depleting USDC reserves has become a hot topic in the crypto ecosystem, especially after Coinbase CEO’s quip during the company’s Q2 earning call.</p>"
Bitcoin bears ‘in control but exhausted’ as BTC price retakes $29K,https://cointelegraph.com/news/bitcoin-bears-control-exhausted-btc-price-29k,"Tue, 08 Aug 2023 09:38:35 +0100","<p style=""float: right; margin: 0 0 10px 15px; width: 240px;""><img src=""https://images.cointelegraph.com/cdn-cgi/image/format=auto,onerror=redirect,quality=90,width=840/https://s3.cointelegraph.com/uploads/2023-08/6dea545e-571d-44d5-abdb-55e1b5a03e81.jpg"" /></p><p>Bitcoin stages a recovery toward a key resistance but fails to break through, and BTC price action is giving some cause for optimism.</p>"
Bitstamp crypto exchange to raise funds for global expansion: Report,https://cointelegraph.com/news/bitstamp-raises-funds-for-global-expansion,"Tue, 08 Aug 2023 09:37:31 +0100","<p style=""float: right; margin: 0 0 10px 15px; width: 240px;""><img src=""https://images.cointelegraph.com/cdn-cgi/image/format=auto,onerror=redirect,quality=90,width=840/https://s3.cointelegraph.com/uploads/2023-08/adfb6e83-a678-4d9e-82f4-850af4c6036a.jpg"" /></p><p>One of the world’s oldest cryptocurrency exchanges, Bitstamp, is trying to scale its operations with new fundraising advised by Galaxy Digital.</p>"
"China’s risky Bitcoin court decision, is Huobi in trouble or not? Asia Express",https://cointelegraph.com/magazine/chinas-risky-bitcoin-court-decision-is-huobi-in-trouble-or-not-asia-express/,"Mon, 07 Aug 2023 23:35:26 +0100","<p style=""float: right; margin: 0 0 10px 15px; width: 240px;""><img src=""https://cointelegraph.com/magazine/wp-content/uploads/2023/01/magazine-Asia-Express-Jan-20-scaled.jpeg"" /></p><p>Man loses $10M after Chinese court rules Bitcoin lending is not protected by law, loads of Web3 founders get arrested, and Huobi rumors swirl.</p>"
BlackRock’s misguided effort to create ‘Crypto for Dummies’,https://cointelegraph.com/news/blacks-misguided-crypto-dummies-etf,"Mon, 07 Aug 2023 23:00:44 +0100","<p style=""float: right; margin: 0 0 10px 15px; width: 240px;""><img src=""https://images.cointelegraph.com/cdn-cgi/image/format=auto,onerror=redirect,quality=90,width=840/https://s3.cointelegraph.com/uploads/2023-08/cd036c51-cf4a-4ab7-b4e3-5c745637da14.jpg"" /></p><p>Crypto doesn’t need BlackRock’s Bitcoin ETF. It undermines the basic tenets of cryptocurrency — from banking the unbanked to reducing global oppression.</p>"
"Bitcoin funds see weekly outflows of $111M, most since March: CoinShares",https://cointelegraph.com/news/bitcoin-funds-weekly-outflows-111m-most-since-march-coin-shares,"Mon, 07 Aug 2023 22:00:00 +0100","<p style=""float: right; margin: 0 0 10px 15px; width: 240px;""><img src=""https://images.cointelegraph.com/cdn-cgi/image/format=auto,onerror=redirect,quality=90,width=840/https://s3.cointelegraph.com/uploads/2023-08/08f81b20-f435-4db1-8570-051e3b8f2bd4.jpg"" /></p><p>Solana bucked the trend, with its $9.5 million in inflows taking the top spot over the past week. </p>"
Here’s what happened in crypto today,https://cointelegraph.com/news/what-happened-in-crypto-today,"Mon, 07 Aug 2023 21:44:57 +0100","<p style=""float: right; margin: 0 0 10px 15px; width: 240px;""><img src=""https://images.cointelegraph.com/cdn-cgi/image/format=auto,onerror=redirect,quality=90,width=840/https://s3.cointelegraph.com/uploads/2023-06/78d78761-3bd2-4569-96a7-62a97f0a1b0a.jpg"" /></p><p>Need to know what happened in crypto today? Here is the latest news on daily trends and events impacting the Bitcoin price, blockchain, DeFi, NFTs, Web3 and crypto regulation.</p>"
"Price analysis 8/7: SPX, DXY, BTC, ETH, BNB, XRP, ADA, DOGE, SOL, LTC",https://cointelegraph.com/news/price-analysis-8-7-spx-dxy-btc-eth-bnb-xrp-ada-doge-sol-ltc,"Mon, 07 Aug 2023 21:32:10 +0100","<p style=""float: right; margin: 0 0 10px 15px; width: 240px;""><img src=""https://images.cointelegraph.com/cdn-cgi/image/format=auto,onerror=redirect,quality=90,width=840/https://s3.cointelegraph.com/uploads/2023-08/df1e4825-4496-4a20-88e6-63b0dfdd1ec6.jpg"" /></p><p>Bitcoin’s failure to rebound off strong support may open further downside, as bears may be tempted to sell. </p>"
Buffett and Ackman take opposing sides on Treasury yields — What does it mean for Bitcoin?,https://cointelegraph.com/news/buffett-and-ackman-take-opposing-sides-on-treasury-yields-what-does-it-mean-for-bitcoin,"Mon, 07 Aug 2023 18:30:00 +0100","<p style=""float: right; margin: 0 0 10px 15px; width: 240px;""><img src=""https://images.cointelegraph.com/cdn-cgi/image/format=auto,onerror=redirect,quality=90,width=840/https://s3.cointelegraph.com/uploads/2023-08/d8e45c6e-2ab0-487b-a969-5ba214d24e58.jpg"" /></p><p>Two investment moguls are betting on different directions for inflation and Treasury yields, with potentially negative impacts on Bitcoin.</p>"
Bitcoin faces ‘endless spot selling’ as BTC price dips below $28.7K,https://cointelegraph.com/news/bitcoin-spot-selling-btc-price-dips-below-28-7k,"Mon, 07 Aug 2023 17:29:54 +0100","<p style=""float: right; margin: 0 0 10px 15px; width: 240px;""><img src=""https://images.cointelegraph.com/cdn-cgi/image/format=auto,onerror=redirect,quality=90,width=840/https://s3.cointelegraph.com/uploads/2023-08/cd754658-f3d4-4a6b-a84b-c77a954f9ffc.jpeg"" /></p><p>BTC price strength fails to sustain $29,000 support as the week begins with fresh weakness for Bitcoin.</p>"
Telegram crypto bots gain momentum in the market: Binance Research,https://cointelegraph.com/news/telegram-crypto-bots-gain-momentum-binance-research,"Mon, 07 Aug 2023 17:09:53 +0100","<p style=""float: right; margin: 0 0 10px 15px; width: 240px;""><img src=""https://images.cointelegraph.com/cdn-cgi/image/format=auto,onerror=redirect,quality=90,width=840/https://s3.cointelegraph.com/uploads/2023-08/0b2b958b-08b6-43c4-9cde-94e23c2435fc.jpg"" /></p><p>Daily volumes of crypto trades with Telegram bots hit a record high of $10 million in July, according to a new report by Binance Research.</p>"
Binance sold USDC for another stablecoin — Coinbase CEO,https://cointelegraph.com/news/binance-sold-usdc-for-another-stablecoin-coinbase-ceo,"Mon, 07 Aug 2023 14:06:00 +0100","<p style=""float: right; margin: 0 0 10px 15px; width: 240px;""><img src=""https://images.cointelegraph.com/cdn-cgi/image/format=auto,onerror=redirect,quality=90,width=840/https://s3.cointelegraph.com/uploads/2023-08/e83383ff-32d9-46e4-8205-8519ff149c6d.jpg"" /></p><p>Binance has been experimenting with relatively lesser-known stablecoins after a pause on BUSD.</p>"
BTC price meets CPI as volatility ‘collapses’ — 5 things to know in Bitcoin this week,https://cointelegraph.com/news/btc-price-cpi-volatility-collapses-5-things-bitcoin,"Mon, 07 Aug 2023 10:20:48 +0100","<p style=""float: right; margin: 0 0 10px 15px; width: 240px;""><img src=""https://images.cointelegraph.com/cdn-cgi/image/format=auto,onerror=redirect,quality=90,width=840/https://s3.cointelegraph.com/uploads/2023-08/c154fe2c-91de-401a-8dd1-1b1d04aaf44c.jpg"" /></p><p>Bitcoin is frustratingly calm and volatility is near historic lows — what could provide BTC price action with fresh fuel to discover a trend this week?</p>"
Crypto-centered public companies record profit beating Q2 estimates,https://cointelegraph.com/news/crypto-public-companies-record-profit-q2-estimates,"Mon, 07 Aug 2023 08:26:56 +0100","<p style=""float: right; margin: 0 0 10px 15px; width: 240px;""><img src=""https://images.cointelegraph.com/cdn-cgi/image/format=auto,onerror=redirect,quality=90,width=840/https://s3.cointelegraph.com/uploads/2023-08/0a91e379-d76d-48c0-8cf0-6e0eceb16ee2.jpg"" /></p><p>The rise in cryptocurrency prices and non-trading revenues became key to profitability for many crypto-focused companies. </p>"
Bitcoin OG bets surprising sum on BTC hitting $100K before the halving,https://cointelegraph.com/news/adam-back-bitcoin-price-bet-all-time-high-halving,"Mon, 07 Aug 2023 04:05:00 +0100","<p style=""float: right; margin: 0 0 10px 15px; width: 240px;""><img src=""https://images.cointelegraph.com/cdn-cgi/image/format=auto,onerror=redirect,quality=90,width=840/https://s3.cointelegraph.com/uploads/2023-08/09697797-ab71-4d61-8cd9-514e62db9aa0.jpg"" /></p><p>Adam Back has joined a growing roster of market commentators who are bullish on the price of Bitcoin ahead of next year’s halving event.</p>"
"SHIB, UNI, OKB and HBAR flash bullish signs as Bitcoin volatility hits record low",https://cointelegraph.com/news/shib-uni-okb-and-hbar-flash-bullish-signs-as-bitcoin-volatility-hits-record-low,"Sun, 06 Aug 2023 20:30:34 +0100","<p style=""float: right; margin: 0 0 10px 15px; width: 240px;""><img src=""https://images.cointelegraph.com/cdn-cgi/image/format=auto,onerror=redirect,quality=90,width=840/https://s3.cointelegraph.com/uploads/2023-08/b830a05b-833c-48d7-b2dc-230f294102d7.jpg"" /></p><p>Bitcoin remains stuck in a tight range, but select altcoins such as SHIB, UNI, OKB and HBAR are attracting buyers. </p>"
Bitcoin price can go ‘full bull’ next month if 200-week trendline stays,https://cointelegraph.com/news/bitcoin-price-bull-next-month-200-week-trendline,"Sun, 06 Aug 2023 11:06:48 +0100","<p style=""float: right; margin: 0 0 10px 15px; width: 240px;""><img src=""https://images.cointelegraph.com/cdn-cgi/image/format=auto,onerror=redirect,quality=90,width=840/https://s3.cointelegraph.com/uploads/2023-08/89b825fa-cc1f-4f4a-a938-0505a04e5e76.jpg"" /></p><p>Bitcoin and crypto are in line for a classic breakout should multiple time-tested patterns continue, says analyst Cole Garner.</p>"
Tether unveils mining software to boost efficiency and capacity,https://cointelegraph.com/news/tether-unveils-mining-software-to-boost-efficiency-capacity,"Sun, 06 Aug 2023 07:45:45 +0100","<p style=""float: right; margin: 0 0 10px 15px; width: 240px;""><img src=""https://images.cointelegraph.com/cdn-cgi/image/format=auto,onerror=redirect,quality=90,width=840/https://s3.cointelegraph.com/uploads/2023-08/ffe9b324-b76e-48c6-8120-26114eb6acea.jpg"" /></p><p>The recently introduced Tether BTC mining software’s primary aim is to enhance the efficient management of mining capacity.</p>"
"DeFi faces stress test, DoJ fears run on Binance, Hong Kong’s crypto trading: Hodler’s Digest, July 30 – Aug. 5",https://cointelegraph.com/magazine/defi-faces-stress-test-doj-fears-run-on-binance-hong-kongs-crypto-trading-hodlers-digest-july-30-aug-5/,"Sat, 05 Aug 2023 21:20:37 +0100","<p style=""float: right; margin: 0 0 10px 15px; width: 240px;""><img src=""https://cointelegraph.com/magazine/wp-content/uploads/2023/08/aug-5-scaled.jpg"" /></p><p>Curve Finance’s dramatic exploit exposes DeFi, DoJ concerns of a run on Binance, and Hong Kong debuts retail crypto trading.</p>"
BTC hodlers outperformed crypto funds by 69% in H1: 21e6 Capital,https://cointelegraph.com/news/btc-hodlers-outperformed-crypto-funds-by-69-in-h1-2023-21e6-capital-ag,"Sat, 05 Aug 2023 06:39:27 +0100","<p style=""float: right; margin: 0 0 10px 15px; width: 240px;""><img src=""https://images.cointelegraph.com/cdn-cgi/image/format=auto,onerror=redirect,quality=90,width=840/https://s3.cointelegraph.com/uploads/2023-08/8fe09870-62ea-4c7e-98a3-c169caa103f2.jpg"" /></p><p>According to 21e6 Capital AG, crypto funds generally outperformed the price gains of BTC in previous bull runs, but they ultimately suffered this year from having too much cash on hand and playing it safe. </p>"
"Price analysis 8/4: BTC, ETH, BNB, XRP, DOGE, ADA, SOL, MATIC, LTC, DOT",https://cointelegraph.com/news/price-analysis-8-4-btc-eth-bnb-xrp-doge-ada-sol-matic-ltc-dot,"Fri, 04 Aug 2023 20:17:17 +0100","<p style=""float: right; margin: 0 0 10px 15px; width: 240px;""><img src=""https://images.cointelegraph.com/cdn-cgi/image/format=auto,onerror=redirect,quality=90,width=840/https://s3.cointelegraph.com/uploads/2023-08/43395301-ee77-4a22-b96f-e708896525f8.jpg"" /></p><p>Bitcoin continues to range trade, and altcoin traders are starting to view BTC’s price consolidation as a positive sign for the rest of the crypto market. </p>"
Germany is dragging Europe’s economy down — and that’s great for crypto,https://cointelegraph.com/news/germany-is-dragging-europe-economy-down-great-for-crypto,"Fri, 04 Aug 2023 18:00:00 +0100","<p style=""float: right; margin: 0 0 10px 15px; width: 240px;""><img src=""https://images.cointelegraph.com/cdn-cgi/image/format=auto,onerror=redirect,quality=90,width=840/https://s3.cointelegraph.com/uploads/2023-08/2f92ef48-1b40-47ed-b387-b80de8c7e82d.jpg"" /></p><p>Cointelegraph analyst and writer Marcel Pechman explains how a weakening German economy — Europe’s largest — is a positive for cryptocurrencies. </p>"
Bitcoin price taps $29.3K as data shows ‘most resilient’ US jobs market,https://cointelegraph.com/news/bitcoin-price-293-data-resilient-us-jobs-market,"Fri, 04 Aug 2023 15:21:19 +0100","<p style=""float: right; margin: 0 0 10px 15px; width: 240px;""><img src=""https://images.cointelegraph.com/cdn-cgi/image/format=auto,onerror=redirect,quality=90,width=840/https://s3.cointelegraph.com/uploads/2023-08/fda55fc0-7723-44c6-9c10-eeebda3bd23e.jpg"" /></p><p>Bitcoin offers slight volatility after fresh U.S. macro data, but BTC price behavior remains firmly rangebound.</p>"
Girl Gone Crypto thinks ‘BREAKING’ crypto news tweets are boring: Hall of Flame,https://cointelegraph.com/magazine/girl-gone-crypto-thinks-breaking-crypto-news-tweets-are-boring-hall-of-flame/,"Fri, 04 Aug 2023 14:30:00 +0100","<p style=""float: right; margin: 0 0 10px 15px; width: 240px;""><img src=""https://cointelegraph.com/magazine/wp-content/uploads/2023/08/Crypto-Twitter-Hall-of-Flame-Girl-Gone-Crypto-scaled.jpg"" /></p><p>Girl Gone Crypto has amassed a huge following on Twitter thanks to her interesting and unique take on crypto news.</p>"
Oman financial regulator seeks feedback on proposed virtual asset framework,https://cointelegraph.com/news/oman-financial-regulator-seeks-feedback-on-proposed-virtual-asset-framework,"Fri, 04 Aug 2023 12:59:24 +0100","<p style=""float: right; margin: 0 0 10px 15px; width: 240px;""><img src=""https://images.cointelegraph.com/cdn-cgi/image/format=auto,onerror=redirect,quality=90,width=840/https://s3.cointelegraph.com/uploads/2023-08/ed7566c2-324e-4caf-8deb-4fcc2dd3e35f.jpg"" /></p><p>Although the proposed virtual asset regulatory framework in Oman covers FATF-defined assets, the issuance of privacy coins might get banned.</p>"
Revolut to suspend cryptocurrency services in US,https://cointelegraph.com/news/crypto-revolut-to-suspend-cryptocurrency-services-in-us,"Fri, 04 Aug 2023 12:44:35 +0100","<p style=""float: right; margin: 0 0 10px 15px; width: 240px;""><img src=""https://images.cointelegraph.com/cdn-cgi/image/format=auto,onerror=redirect,quality=90,width=840/https://s3.cointelegraph.com/uploads/2023-08/c07bf0c5-30ac-400d-8164-4ab862c0ec29.jpg"" /></p><p>Revolut’s suspension of cryptocurrency services in the United States will affect 1% of their total global user base, the firm said.</p>"
"Canadian crypto ownership declines amid tight regulations, falling prices",https://cointelegraph.com/news/bitcoin-canada-bitcoin-crypto-ownership-decline-2022-central-bank,"Fri, 04 Aug 2023 09:32:00 +0100","<p style=""float: right; margin: 0 0 10px 15px; width: 240px;""><img src=""https://images.cointelegraph.com/cdn-cgi/image/format=auto,onerror=redirect,quality=90,width=840/https://s3.cointelegraph.com/uploads/2023-08/1bb41ca6-fceb-4c15-a981-c9a6ef54dadc.jpg"" /></p><p>The biggest motivation for Canadians interested in Bitcoin is as an investment, according to over one-third of the 4,996 respondents in the Bank of Canada’s 2022 survey. </p>"
BTC price upside ‘yet to come’ at $29K after Bitcoin RSI reset — Trader,https://cointelegraph.com/news/btc-price-29k-bitcoin-rsi-analysis-trader,"Fri, 04 Aug 2023 09:10:00 +0100","<p style=""float: right; margin: 0 0 10px 15px; width: 240px;""><img src=""https://images.cointelegraph.com/cdn-cgi/image/format=auto,onerror=redirect,quality=90,width=840/https://s3.cointelegraph.com/uploads/2023-08/4d297495-414e-418c-b86a-9a91719d96ed.jpg"" /></p><p>Bitcoin is still preparing for a BTC price “parabolic advance,” with a popular metric laying the foundations, says Credible Crypto.</p>"
Bitcoin miners need BTC price over $98K by the halving — Analysis,https://cointelegraph.com/news/bitcoin-miners-btc-price-98k-halving,"Fri, 04 Aug 2023 08:25:00 +0100","<p style=""float: right; margin: 0 0 10px 15px; width: 240px;""><img src=""https://images.cointelegraph.com/cdn-cgi/image/format=auto,onerror=redirect,quality=90,width=840/https://s3.cointelegraph.com/uploads/2023-07/277c56cb-0a65-4396-a906-cea5125f3175.jpg"" /></p><p>To avoid being in the red, publicly-listed Bitcoin mining companies will need the BTC price to be at least $98,000 by the 2024 halving.</p>"
